"seriesID","seriesCode","seriesName","seriesParent","seriesUnits","entityID","entityIso","entityName","dataValue","dataYear","dataNote","dataSource","seriesDescription"
34237,"i147dl","Average Download Throughput for Fixed Broadband",,"bits",7,"ZAF","South Africa","1.64212e+012",2020,"","Independent Communications Authority of South Africa","The volume of data (in bits) downloaded in one second. Calculated as the total transferred data volume (in bits) divided by the total timeframe"
34237,"i147dl","Average Download Throughput for Fixed Broadband",,"bits",7,"ZAF","South Africa","2.22192e+012",2021,"","Independent Communications Authority of South Africa","The volume of data (in bits) downloaded in one second. Calculated as the total transferred data volume (in bits) divided by the total timeframe"
34237,"i147dl","Average Download Throughput for Fixed Broadband",,"bits",7,"ZAF","South Africa","2.37364e+012",2022,"","Independent Communications Authority of South Africa","The volume of data (in bits) downloaded in one second. Calculated as the total transferred data volume (in bits) divided by the total timeframe"
34237,"i147dl","Average Download Throughput for Fixed Broadband",,"bits",7,"ZAF","South Africa","2.85889e+012",2023,"","Independent Communications Authority of South Africa","The volume of data (in bits) downloaded in one second. Calculated as the total transferred data volume (in bits) divided by the total timeframe"
34237,"i147dl","Average Download Throughput for Fixed Broadband",,"bits",7,"ZAF","South Africa","3.50657e+012",2024,"","Independent Communications Authority of South Africa","The volume of data (in bits) downloaded in one second. Calculated as the total transferred data volume (in bits) divided by the total timeframe"
34237,"i147dl","Average Download Throughput for Fixed Broadband",,"bits",8,"AGO","Angola","3.9683e+007",2023,"","Angolan Institute of Communications","The volume of data (in bits) downloaded in one second. Calculated as the total transferred data volume (in bits) divided by the total timeframe"
34237,"i147dl","Average Download Throughput for Fixed Broadband",,"bits",8,"AGO","Angola","4e+007",2024,"","Angolan Institute of Communications","The volume of data (in bits) downloaded in one second. Calculated as the total transferred data volume (in bits) divided by the total timeframe"
34237,"i147dl","Average Download Throughput for Fixed Broadband",,"bits",10,"ALB","Albania","2.73333e+008",2022,"","Ministry of Infrastructure and Energy","The volume of data (in bits) downloaded in one second. Calculated as the total transferred data volume (in bits) divided by the total timeframe"
34237,"i147dl","Average Download Throughput for Fixed Broadband",,"bits",10,"ALB","Albania","7.97848e+007",2023,"184 Operators","Ministry of Infrastructure and Energy","The volume of data (in bits) downloaded in one second. Calculated as the total transferred data volume (in bits) divided by the total timeframe"
34237,"i147dl","Average Download Throughput for Fixed Broadband",,"bits",10,"ALB","Albania","2.03658e+008",2024,"","Ministry of Infrastructure and Energy","The volume of data (in bits) downloaded in one second. Calculated as the total transferred data volume (in bits) divided by the total timeframe"
34237,"i147dl","Average Download Throughput for Fixed Broadband",,"bits",11,"DZA","Algeria","21.81",2022,"","Ministère de la Poste et des Télécommunications","The volume of data (in bits) downloaded in one second. Calculated as the total transferred data volume (in bits) divided by the total timeframe"
34237,"i147dl","Average Download Throughput for Fixed Broadband",,"bits",11,"DZA","Algeria","6.59345e+008",2023,"Pour l'année 2022 la données est en MB, ce qui représente 182955540.48 Bitspour l'année 2023 meme remarque, c'est a dire 78.6 MB , ce qui représente 659344588.8 Bits","Ministère de la Poste et des Télécommunications","The volume of data (in bits) downloaded in one second. Calculated as the total transferred data volume (in bits) divided by the total timeframe"
34237,"i147dl","Average Download Throughput for Fixed Broadband",,"bits",11,"DZA","Algeria","8.38861e+008",2024,"cette évolution s’explique principalement par  les causes  suivantes: - La modernisation des accès xDSL vers la technologie FTTH;- L'augmentation des offres de débit commercial (jusqu'à 1.2Gbps).- L'augmentation du parc des nouveaux clients exclusivement en FTTH.","Ministère de la Poste et des Télécommunications","The volume of data (in bits) downloaded in one second. Calculated as the total transferred data volume (in bits) divided by the total timeframe"
34237,"i147dl","Average Download Throughput for Fixed Broadband",,"bits",17,"ARM","Armenia","4.98591e+011",2020,"","Ministry of High-Tech Industry of Armenia","The volume of data (in bits) downloaded in one second. Calculated as the total transferred data volume (in bits) divided by the total timeframe"
34237,"i147dl","Average Download Throughput for Fixed Broadband",,"bits",17,"ARM","Armenia","4.88368e+011",2021,"","Ministry of High-Tech Industry of Armenia","The volume of data (in bits) downloaded in one second. Calculated as the total transferred data volume (in bits) divided by the total timeframe"
34237,"i147dl","Average Download Throughput for Fixed Broadband",,"bits",17,"ARM","Armenia","5.84584e+011",2022,"","Ministry of High-Tech Industry of Armenia","The volume of data (in bits) downloaded in one second. Calculated as the total transferred data volume (in bits) divided by the total timeframe"
34237,"i147dl","Average Download Throughput for Fixed Broadband",,"bits",17,"ARM","Armenia","5.89846e+011",2023,"","Ministry of High-Tech Industry of Armenia","The volume of data (in bits) downloaded in one second. Calculated as the total transferred data volume (in bits) divided by the total timeframe"
34237,"i147dl","Average Download Throughput for Fixed Broadband",,"bits",17,"ARM","Armenia","6.78621e+011",2024,"","Ministry of High-Tech Industry of Armenia","The volume of data (in bits) downloaded in one second. Calculated as the total transferred data volume (in bits) divided by the total timeframe"
34237,"i147dl","Average Download Throughput for Fixed Broadband",,"bits",25,"AZE","Azerbaijan","2.217e+007",2020,"","Ministry of Digital Development and Transport","The volume of data (in bits) downloaded in one second. Calculated as the total transferred data volume (in bits) divided by the total timeframe"
34237,"i147dl","Average Download Throughput for Fixed Broadband",,"bits",25,"AZE","Azerbaijan","1.724e+007",2021,"","Ministry of Digital Development and Transport","The volume of data (in bits) downloaded in one second. Calculated as the total transferred data volume (in bits) divided by the total timeframe"
34237,"i147dl","Average Download Throughput for Fixed Broadband",,"bits",25,"AZE","Azerbaijan","2.715e+007",2022,"","Ministry of Digital Development and Transport","The volume of data (in bits) downloaded in one second. Calculated as the total transferred data volume (in bits) divided by the total timeframe"
34237,"i147dl","Average Download Throughput for Fixed Broadband",,"bits",25,"AZE","Azerbaijan","3.525e+007",2023,"","Ministry of Digital Development and Transport","The volume of data (in bits) downloaded in one second. Calculated as the total transferred data volume (in bits) divided by the total timeframe"
34237,"i147dl","Average Download Throughput for Fixed Broadband",,"bits",25,"AZE","Azerbaijan","6.941e+007",2024,"","Ministry of Digital Development and Transport","The volume of data (in bits) downloaded in one second. Calculated as the total transferred data volume (in bits) divided by the total timeframe"
34237,"i147dl","Average Download Throughput for Fixed Broadband",,"bits",27,"BRA","Brazil","1.50889e+013",2020,"","Agência Nacional de Telecomunicaçőes","The volume of data (in bits) downloaded in one second. Calculated as the total transferred data volume (in bits) divided by the total timeframe"
34237,"i147dl","Average Download Throughput for Fixed Broadband",,"bits",27,"BRA","Brazil","1.75772e+013",2021,"","Agência Nacional de Telecomunicaçőes","The volume of data (in bits) downloaded in one second. Calculated as the total transferred data volume (in bits) divided by the total timeframe"
34237,"i147dl","Average Download Throughput for Fixed Broadband",,"bits",27,"BRA","Brazil","1.99326e+013",2022,"","Agência Nacional de Telecomunicaçőes","The volume of data (in bits) downloaded in one second. Calculated as the total transferred data volume (in bits) divided by the total timeframe"
34237,"i147dl","Average Download Throughput for Fixed Broadband",,"bits",27,"BRA","Brazil","2.1943e+013",2023,"","Agência Nacional de Telecomunicaçőes","The volume of data (in bits) downloaded in one second. Calculated as the total transferred data volume (in bits) divided by the total timeframe"
34237,"i147dl","Average Download Throughput for Fixed Broadband",,"bits",27,"BRA","Brazil","1.82166e+013",2024,"Consolidated value until the 3rd quarter of 2024.","Agência Nacional de Telecomunicaçőes","The volume of data (in bits) downloaded in one second. Calculated as the total transferred data volume (in bits) divided by the total timeframe"
34237,"i147dl","Average Download Throughput for Fixed Broadband",,"bits",29,"BDI","Burundi","0",2020,"","Agence de Régulation et de Contrôle des Télécommunications","The volume of data (in bits) downloaded in one second. Calculated as the total transferred data volume (in bits) divided by the total timeframe"
34237,"i147dl","Average Download Throughput for Fixed Broadband",,"bits",29,"BDI","Burundi","0",2021,"","Agence de Régulation et de Contrôle des Télécommunications","The volume of data (in bits) downloaded in one second. Calculated as the total transferred data volume (in bits) divided by the total timeframe"
34237,"i147dl","Average Download Throughput for Fixed Broadband",,"bits",29,"BDI","Burundi","0",2022,"","Agence de Régulation et de Contrôle des Télécommunications","The volume of data (in bits) downloaded in one second. Calculated as the total transferred data volume (in bits) divided by the total timeframe"
34237,"i147dl","Average Download Throughput for Fixed Broadband",,"bits",29,"BDI","Burundi","0",2023,"AGENCE DE REGULATION ET DE CONTROLE DES TELECOMMUNICATIONS","Agence de Régulation et de Contrôle des Télécommunications","The volume of data (in bits) downloaded in one second. Calculated as the total transferred data volume (in bits) divided by the total timeframe"
34237,"i147dl","Average Download Throughput for Fixed Broadband",,"bits",30,"BEL","Belgium","8.45502e+007",2020,"","Belgian Institute for Postal Services and Telecommunications","The volume of data (in bits) downloaded in one second. Calculated as the total transferred data volume (in bits) divided by the total timeframe"
34237,"i147dl","Average Download Throughput for Fixed Broadband",,"bits",30,"BEL","Belgium","8.47948e+007",2021,"","Belgian Institute for Postal Services and Telecommunications","The volume of data (in bits) downloaded in one second. Calculated as the total transferred data volume (in bits) divided by the total timeframe"
34237,"i147dl","Average Download Throughput for Fixed Broadband",,"bits",30,"BEL","Belgium","7.83985e+007",2022,"","","The volume of data (in bits) downloaded in one second. Calculated as the total transferred data volume (in bits) divided by the total timeframe"
34237,"i147dl","Average Download Throughput for Fixed Broadband",,"bits",30,"BEL","Belgium","1.12547e+008",2023,"","","The volume of data (in bits) downloaded in one second. Calculated as the total transferred data volume (in bits) divided by the total timeframe"
34237,"i147dl","Average Download Throughput for Fixed Broadband",,"bits",31,"BEN","Benin","5.4e+007",2022,"","Autorité de Régulation des Communications Electroniques et de la Poste (ARCEP- Bénin)","The volume of data (in bits) downloaded in one second. Calculated as the total transferred data volume (in bits) divided by the total timeframe"
34237,"i147dl","Average Download Throughput for Fixed Broadband",,"bits",31,"BEN","Benin","5.4e+007",2023,"","Autorité de Régulation des Communications Electroniques et de la Poste (ARCEP- Bénin)","The volume of data (in bits) downloaded in one second. Calculated as the total transferred data volume (in bits) divided by the total timeframe"
34237,"i147dl","Average Download Throughput for Fixed Broadband",,"bits",31,"BEN","Benin","5.4e+007",2024,"","Autorité de Régulation des Communications Electroniques et de la Poste (ARCEP- Bénin)","The volume of data (in bits) downloaded in one second. Calculated as the total transferred data volume (in bits) divided by the total timeframe"
34237,"i147dl","Average Download Throughput for Fixed Broadband",,"bits",34,"BGD","Bangladesh","2.06636e+007",2020,"June, 2021","Bangladesh Telecommunication Regulatory Commission","The volume of data (in bits) downloaded in one second. Calculated as the total transferred data volume (in bits) divided by the total timeframe"
34237,"i147dl","Average Download Throughput for Fixed Broadband",,"bits",34,"BGD","Bangladesh","3.66488e+007",2021,"June, 2022","Bangladesh Telecommunication Regulatory Commission","The volume of data (in bits) downloaded in one second. Calculated as the total transferred data volume (in bits) divided by the total timeframe"
34237,"i147dl","Average Download Throughput for Fixed Broadband",,"bits",34,"BGD","Bangladesh","3.66488e+007",2022,"June, 2023","Bangladesh Telecommunication Regulatory Commission","The volume of data (in bits) downloaded in one second. Calculated as the total transferred data volume (in bits) divided by the total timeframe"
34237,"i147dl","Average Download Throughput for Fixed Broadband",,"bits",34,"BGD","Bangladesh","4.79365e+007",2023,"June, 2024","Bangladesh Telecommunication Regulatory Commission","The volume of data (in bits) downloaded in one second. Calculated as the total transferred data volume (in bits) divided by the total timeframe"
34237,"i147dl","Average Download Throughput for Fixed Broadband",,"bits",34,"BGD","Bangladesh","4.90741e+007",2024,"December, 2024","Bangladesh Telecommunication Regulatory Commission","The volume of data (in bits) downloaded in one second. Calculated as the total transferred data volume (in bits) divided by the total timeframe"
34237,"i147dl","Average Download Throughput for Fixed Broadband",,"bits",35,"BHR","Bahrain","47.6",2020,"For the 50 Mbps average download speed is 47.6 while for the 500Mbps package the average was 409","Telecommunications Regulatory Authority","The volume of data (in bits) downloaded in one second. Calculated as the total transferred data volume (in bits) divided by the total timeframe"
34237,"i147dl","Average Download Throughput for Fixed Broadband",,"bits",35,"BHR","Bahrain","49.1",2021,"For the 50 Mbps average download speed is 49.1 Mbps while for the 500Mbps package the average was 485 Mbps","Telecommunications Regulatory Authority","The volume of data (in bits) downloaded in one second. Calculated as the total transferred data volume (in bits) divided by the total timeframe"
34237,"i147dl","Average Download Throughput for Fixed Broadband",,"bits",35,"BHR","Bahrain","49.9",2022,"500Mbps package the average was 482 Mbps.","Telecommunications Regulatory Authority","The volume of data (in bits) downloaded in one second. Calculated as the total transferred data volume (in bits) divided by the total timeframe"
34237,"i147dl","Average Download Throughput for Fixed Broadband",,"bits",35,"BHR","Bahrain","80.4",2023,"","Telecommunications Regulatory Authority","The volume of data (in bits) downloaded in one second. Calculated as the total transferred data volume (in bits) divided by the total timeframe"
34237,"i147dl","Average Download Throughput for Fixed Broadband",,"bits",35,"BHR","Bahrain","86.3",2024,"","Telecommunications Regulatory Authority","The volume of data (in bits) downloaded in one second. Calculated as the total transferred data volume (in bits) divided by the total timeframe"
34237,"i147dl","Average Download Throughput for Fixed Broadband",,"bits",37,"BLR","Belarus","1.00824e+012",2021,"","Ministry of Communications and Informatization","The volume of data (in bits) downloaded in one second. Calculated as the total transferred data volume (in bits) divided by the total timeframe"
34237,"i147dl","Average Download Throughput for Fixed Broadband",,"bits",37,"BLR","Belarus","1.11479e+012",2022,"","","The volume of data (in bits) downloaded in one second. Calculated as the total transferred data volume (in bits) divided by the total timeframe"
34237,"i147dl","Average Download Throughput for Fixed Broadband",,"bits",39,"BOL","Bolivia (Plurinational State of)","1.28442e+007",2024,"","Autoridad de Regulación y Fiscalización de Telecomunicaciones y Transportes","The volume of data (in bits) downloaded in one second. Calculated as the total transferred data volume (in bits) divided by the total timeframe"
34237,"i147dl","Average Download Throughput for Fixed Broadband",,"bits",40,"BWA","Botswana","1.33632e+010",2021,"","Botswana Communications Regulatory Authority (BOCRA)","The volume of data (in bits) downloaded in one second. Calculated as the total transferred data volume (in bits) divided by the total timeframe"
34237,"i147dl","Average Download Throughput for Fixed Broadband",,"bits",40,"BWA","Botswana","2.154e+010",2022,"","Botswana Communications Regulatory Authority (BOCRA)","The volume of data (in bits) downloaded in one second. Calculated as the total transferred data volume (in bits) divided by the total timeframe"
34237,"i147dl","Average Download Throughput for Fixed Broadband",,"bits",40,"BWA","Botswana","2.80857e+010",2024,"","Botswana Communications Regulatory Authority (BOCRA)","The volume of data (in bits) downloaded in one second. Calculated as the total transferred data volume (in bits) divided by the total timeframe"
34237,"i147dl","Average Download Throughput for Fixed Broadband",,"bits",42,"MMR","Myanmar","1.1e+007",2021,"","Posts and Telecommunications Department, Ministry of Transport and Communications","The volume of data (in bits) downloaded in one second. Calculated as the total transferred data volume (in bits) divided by the total timeframe"
34237,"i147dl","Average Download Throughput for Fixed Broadband",,"bits",42,"MMR","Myanmar","1.3e+007",2022,"","Posts and Telecommunications Department, Ministry of Transport and Communications","The volume of data (in bits) downloaded in one second. Calculated as the total transferred data volume (in bits) divided by the total timeframe"
34237,"i147dl","Average Download Throughput for Fixed Broadband",,"bits",42,"MMR","Myanmar","1.5e+007",2023,"","Posts and Telecommunications Department, Ministry of Transport and Communications","The volume of data (in bits) downloaded in one second. Calculated as the total transferred data volume (in bits) divided by the total timeframe"
34237,"i147dl","Average Download Throughput for Fixed Broadband",,"bits",42,"MMR","Myanmar","1.5e+007",2024,"","Posts and Telecommunications Department, Ministry of Transport and Communications","The volume of data (in bits) downloaded in one second. Calculated as the total transferred data volume (in bits) divided by the total timeframe"
34237,"i147dl","Average Download Throughput for Fixed Broadband",,"bits",43,"BRN","Brunei Darussalam","99.35",2020,"","Authority for Info-communications Technology Industry of Brunei Darussalam","The volume of data (in bits) downloaded in one second. Calculated as the total transferred data volume (in bits) divided by the total timeframe"
34237,"i147dl","Average Download Throughput for Fixed Broadband",,"bits",43,"BRN","Brunei Darussalam","85.08",2021,"","Authority for Info-communications Technology Industry of Brunei Darussalam","The volume of data (in bits) downloaded in one second. Calculated as the total transferred data volume (in bits) divided by the total timeframe"
34237,"i147dl","Average Download Throughput for Fixed Broadband",,"bits",43,"BRN","Brunei Darussalam","9.963e+007",2022,"2021 data to be adjusted to 85090000bits (85.08Mbit/s) as previous data was in Mbit/s instead of in bits2022 data equals to 99.63Mbit/s","Authority for Info-communications Technology Industry of Brunei Darussalam","The volume of data (in bits) downloaded in one second. Calculated as the total transferred data volume (in bits) divided by the total timeframe"
34237,"i147dl","Average Download Throughput for Fixed Broadband",,"bits",43,"BRN","Brunei Darussalam","9.844e+007",2023,"2023 data equals to 98.44Mbit/s","Authority for Info-communications Technology Industry of Brunei Darussalam","The volume of data (in bits) downloaded in one second. Calculated as the total transferred data volume (in bits) divided by the total timeframe"
34237,"i147dl","Average Download Throughput for Fixed Broadband",,"bits",43,"BRN","Brunei Darussalam","9.619e+007",2024,"2024 data equals to 96.19Mbit/s","Authority for Info-communications Technology Industry of Brunei Darussalam","The volume of data (in bits) downloaded in one second. Calculated as the total transferred data volume (in bits) divided by the total timeframe"
34237,"i147dl","Average Download Throughput for Fixed Broadband",,"bits",44,"BTN","Bhutan","0",2020,"not available","Ministry of Information & Communications","The volume of data (in bits) downloaded in one second. Calculated as the total transferred data volume (in bits) divided by the total timeframe"
34237,"i147dl","Average Download Throughput for Fixed Broadband",,"bits",44,"BTN","Bhutan","0",2024,"","Government Technology Agency","The volume of data (in bits) downloaded in one second. Calculated as the total transferred data volume (in bits) divided by the total timeframe"
34237,"i147dl","Average Download Throughput for Fixed Broadband",,"bits",47,"CAN","Canada","7.46469e+012",2018,"","CRTC","The volume of data (in bits) downloaded in one second. Calculated as the total transferred data volume (in bits) divided by the total timeframe"
34237,"i147dl","Average Download Throughput for Fixed Broadband",,"bits",47,"CAN","Canada","9.83296e+012",2019,"","Canadian Radio-television and Telecommunications Commission","The volume of data (in bits) downloaded in one second. Calculated as the total transferred data volume (in bits) divided by the total timeframe"
34237,"i147dl","Average Download Throughput for Fixed Broadband",,"bits",47,"CAN","Canada","1.46341e+013",2020,"","Canadian Radio-television and Telecommunications Commission","The volume of data (in bits) downloaded in one second. Calculated as the total transferred data volume (in bits) divided by the total timeframe"
34237,"i147dl","Average Download Throughput for Fixed Broadband",,"bits",47,"CAN","Canada","1.71529e+013",2021,"","Canadian Radio-television and Telecommunications Commission","The volume of data (in bits) downloaded in one second. Calculated as the total transferred data volume (in bits) divided by the total timeframe"
34237,"i147dl","Average Download Throughput for Fixed Broadband",,"bits",47,"CAN","Canada","1.94262e+013",2022,"Monthly average, residential high-speed Internet only.","Canadian Radio-television and Telecommunications Commission","The volume of data (in bits) downloaded in one second. Calculated as the total transferred data volume (in bits) divided by the total timeframe"
34237,"i147dl","Average Download Throughput for Fixed Broadband",,"bits",47,"CAN","Canada","2.2376e+013",2023,"Monthly average, residential high-speed Internet only.","Canadian Radio-television and Telecommunications Commission","The volume of data (in bits) downloaded in one second. Calculated as the total transferred data volume (in bits) divided by the total timeframe"
34237,"i147dl","Average Download Throughput for Fixed Broadband",,"bits",47,"CAN","Canada","2.22253e+013",2024,"Monthly average. Residential high-speed Internet only","Canadian Radio-television and Telecommunications Commission","The volume of data (in bits) downloaded in one second. Calculated as the total transferred data volume (in bits) divided by the total timeframe"
34237,"i147dl","Average Download Throughput for Fixed Broadband",,"bits",48,"KHM","Cambodia","1e+007",2020,"","Telecommunication Regulator of Cambodia (TRC)","The volume of data (in bits) downloaded in one second. Calculated as the total transferred data volume (in bits) divided by the total timeframe"
34237,"i147dl","Average Download Throughput for Fixed Broadband",,"bits",48,"KHM","Cambodia","1e+007",2021,"95% of throughput rate agree in SLA","Telecommunication Regulator of Cambodia (TRC)","The volume of data (in bits) downloaded in one second. Calculated as the total transferred data volume (in bits) divided by the total timeframe"
34237,"i147dl","Average Download Throughput for Fixed Broadband",,"bits",48,"KHM","Cambodia","1e+007",2022,"95% of throughput rate agree in SLA","Telecommunication Regulator of Cambodia (TRC)","The volume of data (in bits) downloaded in one second. Calculated as the total transferred data volume (in bits) divided by the total timeframe"
34237,"i147dl","Average Download Throughput for Fixed Broadband",,"bits",48,"KHM","Cambodia","3.004e+007",2023,"95% of throughput rate agree in SLA","Telecommunication Regulator of Cambodia (TRC)","The volume of data (in bits) downloaded in one second. Calculated as the total transferred data volume (in bits) divided by the total timeframe"
34237,"i147dl","Average Download Throughput for Fixed Broadband",,"bits",48,"KHM","Cambodia","5.528e+007",2024,"95% of throughput rate agree in SLA","Telecommunication Regulator of Cambodia (TRC)","The volume of data (in bits) downloaded in one second. Calculated as the total transferred data volume (in bits) divided by the total timeframe"
34237,"i147dl","Average Download Throughput for Fixed Broadband",,"bits",50,"CHN","China","257331",2020,"","Ministry of Industry and Information Technology","The volume of data (in bits) downloaded in one second. Calculated as the total transferred data volume (in bits) divided by the total timeframe"
34237,"i147dl","Average Download Throughput for Fixed Broadband",,"bits",50,"CHN","China","3.15621e+008",2021,"","Ministry of Industry and Information Technology","The volume of data (in bits) downloaded in one second. Calculated as the total transferred data volume (in bits) divided by the total timeframe"
34237,"i147dl","Average Download Throughput for Fixed Broadband",,"bits",50,"CHN","China","3.72978e+008",2022,"","Ministry of Industry and Information Technology","The volume of data (in bits) downloaded in one second. Calculated as the total transferred data volume (in bits) divided by the total timeframe"
34237,"i147dl","Average Download Throughput for Fixed Broadband",,"bits",50,"CHN","China","4.35327e+008",2023,"","Ministry of Industry and Information Technology","The volume of data (in bits) downloaded in one second. Calculated as the total transferred data volume (in bits) divided by the total timeframe"
34237,"i147dl","Average Download Throughput for Fixed Broadband",,"bits",50,"CHN","China","4.81416e+008",2024,"","Ministry of Industry and Information Technology","The volume of data (in bits) downloaded in one second. Calculated as the total transferred data volume (in bits) divided by the total timeframe"
34237,"i147dl","Average Download Throughput for Fixed Broadband",,"bits",53,"COL","Colombia","18.9",2019,"Source: Ministerio de Tecnologías de la Información y las Comunicaciones","Ministerio de Tecnologías de la Información y las Comunicaciones","The volume of data (in bits) downloaded in one second. Calculated as the total transferred data volume (in bits) divided by the total timeframe"
34237,"i147dl","Average Download Throughput for Fixed Broadband",,"bits",53,"COL","Colombia","34.3",2020,"Source: Ministerio de Tecnologías de la Información y las Comunicaciones","Ministerio de Tecnologías de la Información y las Comunicaciones","The volume of data (in bits) downloaded in one second. Calculated as the total transferred data volume (in bits) divided by the total timeframe"
34237,"i147dl","Average Download Throughput for Fixed Broadband",,"bits",53,"COL","Colombia","76.5",2021,"Source: Ministerio de Tecnologías de la Información y las Comunicaciones","Ministerio de Tecnologías de la Información y las Comunicaciones","The volume of data (in bits) downloaded in one second. Calculated as the total transferred data volume (in bits) divided by the total timeframe"
34237,"i147dl","Average Download Throughput for Fixed Broadband",,"bits",53,"COL","Colombia","134.2",2022,"Source: Ministerio de Tecnologías de la Información y las Comunicaciones","Ministerio de Tecnologías de la Información y las Comunicaciones","The volume of data (in bits) downloaded in one second. Calculated as the total transferred data volume (in bits) divided by the total timeframe"
34237,"i147dl","Average Download Throughput for Fixed Broadband",,"bits",53,"COL","Colombia","202.4",2023,"Source: Ministerio de Tecnologías de la Información y las Comunicaciones","Ministerio de Tecnologías de la Información y las Comunicaciones","The volume of data (in bits) downloaded in one second. Calculated as the total transferred data volume (in bits) divided by the total timeframe"
34237,"i147dl","Average Download Throughput for Fixed Broadband",,"bits",53,"COL","Colombia","285.5",2024,"Source: Ministerio de Tecnologías de la Información y las Comunicaciones","Ministerio de Tecnologías de la Información y las Comunicaciones","The volume of data (in bits) downloaded in one second. Calculated as the total transferred data volume (in bits) divided by the total timeframe"
34237,"i147dl","Average Download Throughput for Fixed Broadband",,"bits",55,"CMR","Cameroon","86.42",2023,"données de CAMTEL en Mbps","Agence de Régulation des Télécommunications","The volume of data (in bits) downloaded in one second. Calculated as the total transferred data volume (in bits) divided by the total timeframe"
34237,"i147dl","Average Download Throughput for Fixed Broadband",,"bits",55,"CMR","Cameroon","86.42",2024,"Données fournie par CAMTEL en Mbps","Agence de Régulation des Télécommunications","The volume of data (in bits) downloaded in one second. Calculated as the total transferred data volume (in bits) divided by the total timeframe"
34237,"i147dl","Average Download Throughput for Fixed Broadband",,"bits",61,"CIV","Côte d'Ivoire","59.65",2019,"Donnée de l'opérateur ORANGE qui a la plus grande part de marché","ARTCI","The volume of data (in bits) downloaded in one second. Calculated as the total transferred data volume (in bits) divided by the total timeframe"
34237,"i147dl","Average Download Throughput for Fixed Broadband",,"bits",61,"CIV","Côte d'Ivoire","90.5",2020,"Donnée de l'opérateur ORANGE qui a la plus grande part de marché","ARTCI","The volume of data (in bits) downloaded in one second. Calculated as the total transferred data volume (in bits) divided by the total timeframe"
34237,"i147dl","Average Download Throughput for Fixed Broadband",,"bits",61,"CIV","Côte d'Ivoire","159.16",2021,"Donnée de l'opérateur ORANGE qui a la plus grande part de marché","ARTCI","The volume of data (in bits) downloaded in one second. Calculated as the total transferred data volume (in bits) divided by the total timeframe"
34237,"i147dl","Average Download Throughput for Fixed Broadband",,"bits",62,"CRI","Costa Rica","0",2021,"","Superintendencia de Telecomunicaciones","The volume of data (in bits) downloaded in one second. Calculated as the total transferred data volume (in bits) divided by the total timeframe"
34237,"i147dl","Average Download Throughput for Fixed Broadband",,"bits",62,"CRI","Costa Rica","0",2022,"Información no disponible, se remitirá por correo electrónico cuando esté disponible.","Superintendencia de Telecomunicaciones","The volume of data (in bits) downloaded in one second. Calculated as the total transferred data volume (in bits) divided by the total timeframe"
34237,"i147dl","Average Download Throughput for Fixed Broadband",,"bits",62,"CRI","Costa Rica","58.6",2023,"This data is the closest value to the real throughput of the country. This is not the result of a measurement, this is the average speed in Mbps of all the connections of all the fixed broadband users of CR.","Superintendencia de Telecomunicaciones","The volume of data (in bits) downloaded in one second. Calculated as the total transferred data volume (in bits) divided by the total timeframe"
34237,"i147dl","Average Download Throughput for Fixed Broadband",,"bits",62,"CRI","Costa Rica","93.36",2024,"This data is the closest value to the real throughput of the country. This is not the result of a measurement, this is the average speed in Mbps of all the connections of all the fixed broadband users of CR.","Superintendencia de Telecomunicaciones","The volume of data (in bits) downloaded in one second. Calculated as the total transferred data volume (in bits) divided by the total timeframe"
34237,"i147dl","Average Download Throughput for Fixed Broadband",,"bits",72,"DOM","Dominican Rep.","3.65496e+007",2020,"","Instituto Dominicano de las Telecomunicaciones (INDOTEL)","The volume of data (in bits) downloaded in one second. Calculated as the total transferred data volume (in bits) divided by the total timeframe"
34237,"i147dl","Average Download Throughput for Fixed Broadband",,"bits",72,"DOM","Dominican Rep.","6.60603e+007",2021,"","Instituto Dominicano de las Telecomunicaciones (INDOTEL)","The volume of data (in bits) downloaded in one second. Calculated as the total transferred data volume (in bits) divided by the total timeframe"
34237,"i147dl","Average Download Throughput for Fixed Broadband",,"bits",72,"DOM","Dominican Rep.","7.88319e+007",2022,"","Instituto Dominicano de las Telecomunicaciones (INDOTEL)","The volume of data (in bits) downloaded in one second. Calculated as the total transferred data volume (in bits) divided by the total timeframe"
34237,"i147dl","Average Download Throughput for Fixed Broadband",,"bits",72,"DOM","Dominican Rep.","1.09684e+008",2023,"","Instituto Dominicano de las Telecomunicaciones (INDOTEL)","The volume of data (in bits) downloaded in one second. Calculated as the total transferred data volume (in bits) divided by the total timeframe"
34237,"i147dl","Average Download Throughput for Fixed Broadband",,"bits",72,"DOM","Dominican Rep.","2.63658e+008",2024,"","Instituto Dominicano de las Telecomunicaciones (INDOTEL)","The volume of data (in bits) downloaded in one second. Calculated as the total transferred data volume (in bits) divided by the total timeframe"
34237,"i147dl","Average Download Throughput for Fixed Broadband",,"bits",74,"EGY","Egypt","4.531e+007",2022,"","Ministry of Communications and Information Technology","The volume of data (in bits) downloaded in one second. Calculated as the total transferred data volume (in bits) divided by the total timeframe"
34237,"i147dl","Average Download Throughput for Fixed Broadband",,"bits",74,"EGY","Egypt","4.531e+007",2023,"Estimated","Ministry of Communications and Information Technology","The volume of data (in bits) downloaded in one second. Calculated as the total transferred data volume (in bits) divided by the total timeframe"
34237,"i147dl","Average Download Throughput for Fixed Broadband",,"bits",74,"EGY","Egypt","7.7966e+007",2024,"","Ministry of Communications and Information Technology","The volume of data (in bits) downloaded in one second. Calculated as the total transferred data volume (in bits) divided by the total timeframe"
34237,"i147dl","Average Download Throughput for Fixed Broadband",,"bits",77,"ETH","Ethiopia","9.02154e+011",2024,"","Ethiopian Communications Authority","The volume of data (in bits) downloaded in one second. Calculated as the total transferred data volume (in bits) divided by the total timeframe"
34237,"i147dl","Average Download Throughput for Fixed Broadband",,"bits",79,"FJI","Fiji","1.7027e+008",2020,"","Ministry of Communications","The volume of data (in bits) downloaded in one second. Calculated as the total transferred data volume (in bits) divided by the total timeframe"
34237,"i147dl","Average Download Throughput for Fixed Broadband",,"bits",95,"GRC","Greece","1.639e+007",2018,"Based on user measurements in the HYPERION platform (https://hyperiontest.gr/)","HELLENIC TELECOMMUNICATIONS & POST COMMISSION","The volume of data (in bits) downloaded in one second. Calculated as the total transferred data volume (in bits) divided by the total timeframe"
34237,"i147dl","Average Download Throughput for Fixed Broadband",,"bits",95,"GRC","Greece","2.003e+007",2019,"Based on user measurements in the HYPERION platform (https://hyperiontest.gr/)","Hellenic Telecommunications & Post Commission","The volume of data (in bits) downloaded in one second. Calculated as the total transferred data volume (in bits) divided by the total timeframe"
34237,"i147dl","Average Download Throughput for Fixed Broadband",,"bits",95,"GRC","Greece","2.701e+007",2020,"Based on user measurements in the HYPERION platform (https://hyperiontest.gr/)","Hellenic Telecommunications & Post Commission","The volume of data (in bits) downloaded in one second. Calculated as the total transferred data volume (in bits) divided by the total timeframe"
34237,"i147dl","Average Download Throughput for Fixed Broadband",,"bits",95,"GRC","Greece","3.511e+007",2021,"Based on user measurements in the HYPERION platform (https://hyperiontest.gr/)","Hellenic Telecommunications & Post Commission","The volume of data (in bits) downloaded in one second. Calculated as the total transferred data volume (in bits) divided by the total timeframe"
34237,"i147dl","Average Download Throughput for Fixed Broadband",,"bits",95,"GRC","Greece","4.7945e+007",2022,"","Hellenic Telecommunications & Post Commission","The volume of data (in bits) downloaded in one second. Calculated as the total transferred data volume (in bits) divided by the total timeframe"
34237,"i147dl","Average Download Throughput for Fixed Broadband",,"bits",95,"GRC","Greece","7.69065e+007",2023,"","Hellenic Telecommunications & Post Commission","The volume of data (in bits) downloaded in one second. Calculated as the total transferred data volume (in bits) divided by the total timeframe"
34237,"i147dl","Average Download Throughput for Fixed Broadband",,"bits",95,"GRC","Greece","1.10939e+008",2024,"","Hellenic Telecommunications & Post Commission","The volume of data (in bits) downloaded in one second. Calculated as the total transferred data volume (in bits) divided by the total timeframe"
34237,"i147dl","Average Download Throughput for Fixed Broadband",,"bits",104,"HND","Honduras","16.21",2021,"Valor estimado del promedio de las velocidad de acceso contradas por los suscriptores de internet fijo, en Mbps","Comisión Nacional de Telecomunicaciones (CONATEL)","The volume of data (in bits) downloaded in one second. Calculated as the total transferred data volume (in bits) divided by the total timeframe"
34237,"i147dl","Average Download Throughput for Fixed Broadband",,"bits",104,"HND","Honduras","17.41",2022,"Valor estimado del promedio de las velocidad de acceso contradas por los suscriptores de internet fijo, en Mbps","Comisión Nacional de Telecomunicaciones (CONATEL)","The volume of data (in bits) downloaded in one second. Calculated as the total transferred data volume (in bits) divided by the total timeframe"
34237,"i147dl","Average Download Throughput for Fixed Broadband",,"bits",104,"HND","Honduras","32.4",2023,"Valor estimado del promedio de las velocidad de acceso contradas por los suscriptores de internet fijo, en Mbps","Comisión Nacional de Telecomunicaciones (CONATEL)","The volume of data (in bits) downloaded in one second. Calculated as the total transferred data volume (in bits) divided by the total timeframe"
34237,"i147dl","Average Download Throughput for Fixed Broadband",,"bits",104,"HND","Honduras","96.14",2024,"Valor estimado del promedio de las velocidad de acceso contradas por los suscriptores de internet fijo, en Mbps","Comisión Nacional de Telecomunicaciones (CONATEL)","The volume of data (in bits) downloaded in one second. Calculated as the total transferred data volume (in bits) divided by the total timeframe"
34237,"i147dl","Average Download Throughput for Fixed Broadband",,"bits",107,"HRV","Croatia","5.96e+007",2020,"","Croatian Regulatory Authority for Network Industries","The volume of data (in bits) downloaded in one second. Calculated as the total transferred data volume (in bits) divided by the total timeframe"
34237,"i147dl","Average Download Throughput for Fixed Broadband",,"bits",107,"HRV","Croatia","6.2345e+007",2021,"","Croatian Regulatory Authority for Network Industries","The volume of data (in bits) downloaded in one second. Calculated as the total transferred data volume (in bits) divided by the total timeframe"
34237,"i147dl","Average Download Throughput for Fixed Broadband",,"bits",107,"HRV","Croatia","7.0955e+007",2022,"","Croatian Regulatory Authority for Network Industries","The volume of data (in bits) downloaded in one second. Calculated as the total transferred data volume (in bits) divided by the total timeframe"
34237,"i147dl","Average Download Throughput for Fixed Broadband",,"bits",107,"HRV","Croatia","7.2881e+007",2023,"","Croatian Regulatory Authority for Network Industries","The volume of data (in bits) downloaded in one second. Calculated as the total transferred data volume (in bits) divided by the total timeframe"
34237,"i147dl","Average Download Throughput for Fixed Broadband",,"bits",107,"HRV","Croatia","7.31617e+007",2024,"","Croatian Regulatory Authority for Network Industries","The volume of data (in bits) downloaded in one second. Calculated as the total transferred data volume (in bits) divided by the total timeframe"
34237,"i147dl","Average Download Throughput for Fixed Broadband",,"bits",113,"IND","India","2.51658e+008",2024,"As in December 2024","Department of Telecommunications","The volume of data (in bits) downloaded in one second. Calculated as the total transferred data volume (in bits) divided by the total timeframe"
34237,"i147dl","Average Download Throughput for Fixed Broadband",,"bits",116,"IRN","Iran (Islamic Republic of)","9.293e+006",2020,"","Information Technology Organization of Iran (ITO)","The volume of data (in bits) downloaded in one second. Calculated as the total transferred data volume (in bits) divided by the total timeframe"
34237,"i147dl","Average Download Throughput for Fixed Broadband",,"bits",116,"IRN","Iran (Islamic Republic of)","1.0339e+007",2021,"","Information Technology Organization of Iran (ITO)","The volume of data (in bits) downloaded in one second. Calculated as the total transferred data volume (in bits) divided by the total timeframe"
34237,"i147dl","Average Download Throughput for Fixed Broadband",,"bits",116,"IRN","Iran (Islamic Republic of)","1.197e+007",2022,"It is not available.","Information Technology Organization of Iran (ITO)","The volume of data (in bits) downloaded in one second. Calculated as the total transferred data volume (in bits) divided by the total timeframe"
34237,"i147dl","Average Download Throughput for Fixed Broadband",,"bits",116,"IRN","Iran (Islamic Republic of)","5.76507e+007",2024,"54.98 Mbps","Information Technology Organization of Iran (ITO)","The volume of data (in bits) downloaded in one second. Calculated as the total transferred data volume (in bits) divided by the total timeframe"
34237,"i147dl","Average Download Throughput for Fixed Broadband",,"bits",118,"ISL","Iceland","1.7671e+008",2023,"176.71 Mbps","Post and Telecom Administration","The volume of data (in bits) downloaded in one second. Calculated as the total transferred data volume (in bits) divided by the total timeframe"
34237,"i147dl","Average Download Throughput for Fixed Broadband",,"bits",118,"ISL","Iceland","2.31268e+008",2024,"231.27 MbpsECOI analysis of Ookla Speedtest Intelligence data for all providers median results in Iceland from 2024.","Post and Telecom Administration","The volume of data (in bits) downloaded in one second. Calculated as the total transferred data volume (in bits) divided by the total timeframe"
34237,"i147dl","Average Download Throughput for Fixed Broadband",,"bits",119,"ISR","Israel","83.5",2018,"","Ministry of Communications","The volume of data (in bits) downloaded in one second. Calculated as the total transferred data volume (in bits) divided by the total timeframe"
34237,"i147dl","Average Download Throughput for Fixed Broadband",,"bits",119,"ISR","Israel","115",2019,"","Ministry of Communications","The volume of data (in bits) downloaded in one second. Calculated as the total transferred data volume (in bits) divided by the total timeframe"
34237,"i147dl","Average Download Throughput for Fixed Broadband",,"bits",119,"ISR","Israel","147.5",2020,"","Ministry of Communications","The volume of data (in bits) downloaded in one second. Calculated as the total transferred data volume (in bits) divided by the total timeframe"
34237,"i147dl","Average Download Throughput for Fixed Broadband",,"bits",124,"JOR","Jordan","4.197e+007",2021,"","The Telecommunications Regulatory Commission of Jordan","The volume of data (in bits) downloaded in one second. Calculated as the total transferred data volume (in bits) divided by the total timeframe"
34237,"i147dl","Average Download Throughput for Fixed Broadband",,"bits",124,"JOR","Jordan","6.604e+007",2022,"","The Telecommunications Regulatory Commission of Jordan","The volume of data (in bits) downloaded in one second. Calculated as the total transferred data volume (in bits) divided by the total timeframe"
34237,"i147dl","Average Download Throughput for Fixed Broadband",,"bits",124,"JOR","Jordan","9.2899e+007",2023,"","The Telecommunications Regulatory Commission of Jordan","The volume of data (in bits) downloaded in one second. Calculated as the total transferred data volume (in bits) divided by the total timeframe"
34237,"i147dl","Average Download Throughput for Fixed Broadband",,"bits",124,"JOR","Jordan","1.4318e+008",2024,"","The Telecommunications Regulatory Commission of Jordan","The volume of data (in bits) downloaded in one second. Calculated as the total transferred data volume (in bits) divided by the total timeframe"
34237,"i147dl","Average Download Throughput for Fixed Broadband",,"bits",127,"KIR","Kiribati","30",2023,"in MB","Ministry of Information, Communication, Transport & Tourism Development","The volume of data (in bits) downloaded in one second. Calculated as the total transferred data volume (in bits) divided by the total timeframe"
34237,"i147dl","Average Download Throughput for Fixed Broadband",,"bits",127,"KIR","Kiribati","3.68e+014",2024,"","Ministry of Information, Communication, and Transport","The volume of data (in bits) downloaded in one second. Calculated as the total transferred data volume (in bits) divided by the total timeframe"
34237,"i147dl","Average Download Throughput for Fixed Broadband",,"bits",144,"MDG","Madagascar","4.40402e+007",2021,"","Autorité de Régulation des Technologies de Communication","The volume of data (in bits) downloaded in one second. Calculated as the total transferred data volume (in bits) divided by the total timeframe"
34237,"i147dl","Average Download Throughput for Fixed Broadband",,"bits",144,"MDG","Madagascar","9.23324e+007",2022,"","Autorité de Régulation des Technologies de Communication","The volume of data (in bits) downloaded in one second. Calculated as the total transferred data volume (in bits) divided by the total timeframe"
34237,"i147dl","Average Download Throughput for Fixed Broadband",,"bits",144,"MDG","Madagascar","9.346e+007",2023,"","Autorité de Régulation des Technologies de Communication","The volume of data (in bits) downloaded in one second. Calculated as the total transferred data volume (in bits) divided by the total timeframe"
34237,"i147dl","Average Download Throughput for Fixed Broadband",,"bits",148,"MYS","Malaysia","6.348e+007",2018,"","Malaysian Communications and Multimedia Commission","The volume of data (in bits) downloaded in one second. Calculated as the total transferred data volume (in bits) divided by the total timeframe"
34237,"i147dl","Average Download Throughput for Fixed Broadband",,"bits",148,"MYS","Malaysia","7.803e+007",2019,"","Malaysian Communications and Multimedia Commission","The volume of data (in bits) downloaded in one second. Calculated as the total transferred data volume (in bits) divided by the total timeframe"
34237,"i147dl","Average Download Throughput for Fixed Broadband",,"bits",148,"MYS","Malaysia","9.367e+007",2020,"","Malaysian Communications and Multimedia Commission","The volume of data (in bits) downloaded in one second. Calculated as the total transferred data volume (in bits) divided by the total timeframe"
34237,"i147dl","Average Download Throughput for Fixed Broadband",,"bits",148,"MYS","Malaysia","1.1998e+008",2021,"","Malaysian Communications and Multimedia Commission","The volume of data (in bits) downloaded in one second. Calculated as the total transferred data volume (in bits) divided by the total timeframe"
34237,"i147dl","Average Download Throughput for Fixed Broadband",,"bits",148,"MYS","Malaysia","1.354e+008",2022,"","Malaysian Communications and Multimedia Commission","The volume of data (in bits) downloaded in one second. Calculated as the total transferred data volume (in bits) divided by the total timeframe"
34237,"i147dl","Average Download Throughput for Fixed Broadband",,"bits",148,"MYS","Malaysia","1.838e+008",2023,"","Malaysian Communications and Multimedia Commission","The volume of data (in bits) downloaded in one second. Calculated as the total transferred data volume (in bits) divided by the total timeframe"
34237,"i147dl","Average Download Throughput for Fixed Broadband",,"bits",148,"MYS","Malaysia","2.143e+008",2024,"","Malaysian Communications and Multimedia Commission","The volume of data (in bits) downloaded in one second. Calculated as the total transferred data volume (in bits) divided by the total timeframe"
34237,"i147dl","Average Download Throughput for Fixed Broadband",,"bits",150,"MLI","Mali","10",2018,"","Autorité Malienne de Régulation des Télécommunications/TIC et des Postes (AMRTP)","The volume of data (in bits) downloaded in one second. Calculated as the total transferred data volume (in bits) divided by the total timeframe"
34237,"i147dl","Average Download Throughput for Fixed Broadband",,"bits",150,"MLI","Mali","10",2019,"","Autorité Malienne de Régulation des Télécommunications/TIC et Postes (AMRTP)","The volume of data (in bits) downloaded in one second. Calculated as the total transferred data volume (in bits) divided by the total timeframe"
34237,"i147dl","Average Download Throughput for Fixed Broadband",,"bits",150,"MLI","Mali","10",2020,"","Autorité Malienne de Régulation des Télécommunications/TIC et Postes (AMRTP)","The volume of data (in bits) downloaded in one second. Calculated as the total transferred data volume (in bits) divided by the total timeframe"
34237,"i147dl","Average Download Throughput for Fixed Broadband",,"bits",152,"MNG","Mongolia","10",2020,"10 Mbps","Communications Regulatory Commission of Mongolia","The volume of data (in bits) downloaded in one second. Calculated as the total transferred data volume (in bits) divided by the total timeframe"
34237,"i147dl","Average Download Throughput for Fixed Broadband",,"bits",152,"MNG","Mongolia","10",2021,"","Communications Regulatory Commission of Mongolia","The volume of data (in bits) downloaded in one second. Calculated as the total transferred data volume (in bits) divided by the total timeframe"
34237,"i147dl","Average Download Throughput for Fixed Broadband",,"bits",152,"MNG","Mongolia","10",2022,"","Communications Regulatory Commission of Mongolia","The volume of data (in bits) downloaded in one second. Calculated as the total transferred data volume (in bits) divided by the total timeframe"
34237,"i147dl","Average Download Throughput for Fixed Broadband",,"bits",152,"MNG","Mongolia","10",2023,"","Communications Regulatory Commission of Mongolia","The volume of data (in bits) downloaded in one second. Calculated as the total transferred data volume (in bits) divided by the total timeframe"
34237,"i147dl","Average Download Throughput for Fixed Broadband",,"bits",152,"MNG","Mongolia","10",2024,"","Communications Regulatory Commission of Mongolia","The volume of data (in bits) downloaded in one second. Calculated as the total transferred data volume (in bits) divided by the total timeframe"
34237,"i147dl","Average Download Throughput for Fixed Broadband",,"bits",155,"MAR","Morocco","2.957e+007",2023,"Source : www.speedtest.net (Données Août 2024)","Agence Nationale de Réglementation des Télécommunications","The volume of data (in bits) downloaded in one second. Calculated as the total transferred data volume (in bits) divided by the total timeframe"
34237,"i147dl","Average Download Throughput for Fixed Broadband",,"bits",163,"NIC","Nicaragua","5.99e+008",2024,"Datos a diciembre 2024. Se está fortaleciendo el proceso de recolección de información.","Instituto Nicaraguense de Telecomunicaciones y Correos","The volume of data (in bits) downloaded in one second. Calculated as the total transferred data volume (in bits) divided by the total timeframe"
34237,"i147dl","Average Download Throughput for Fixed Broadband",,"bits",182,"PAK","Pakistan","2.16402e+007",2021,"Estimated. Average of the data reported by Major Operators","Pakistan Telecommunication Authority","The volume of data (in bits) downloaded in one second. Calculated as the total transferred data volume (in bits) divided by the total timeframe"
34237,"i147dl","Average Download Throughput for Fixed Broadband",,"bits",182,"PAK","Pakistan","2.59682e+007",2022,"Estimated. Average of the data reported by Major Operators","Pakistan Telecommunication Authority","The volume of data (in bits) downloaded in one second. Calculated as the total transferred data volume (in bits) divided by the total timeframe"
34237,"i147dl","Average Download Throughput for Fixed Broadband",,"bits",182,"PAK","Pakistan","3.74862e+007",2023,"Estimated. Average of the data reported by Major Operators","Pakistan Telecommunication Authority","The volume of data (in bits) downloaded in one second. Calculated as the total transferred data volume (in bits) divided by the total timeframe"
34237,"i147dl","Average Download Throughput for Fixed Broadband",,"bits",182,"PAK","Pakistan","5.39801e+007",2024,"Estimated. Average of the data reported by Major Operators","Pakistan Telecommunication Authority","The volume of data (in bits) downloaded in one second. Calculated as the total transferred data volume (in bits) divided by the total timeframe"
34237,"i147dl","Average Download Throughput for Fixed Broadband",,"bits",184,"PHL","Philippines","44060",2021,"Source: NTC Regulation Branch","Department of Information and Communication Technology","The volume of data (in bits) downloaded in one second. Calculated as the total transferred data volume (in bits) divided by the total timeframe"
34237,"i147dl","Average Download Throughput for Fixed Broadband",,"bits",192,"PRY","Paraguay","68930",2022,"Ookla","Comisión Nacional de Telecomunicaciones - CONATEL","The volume of data (in bits) downloaded in one second. Calculated as the total transferred data volume (in bits) divided by the total timeframe"
34237,"i147dl","Average Download Throughput for Fixed Broadband",,"bits",192,"PRY","Paraguay","88420",2023,"Ookla","Comisión Nacional de Telecomunicaciones - CONATEL","The volume of data (in bits) downloaded in one second. Calculated as the total transferred data volume (in bits) divided by the total timeframe"
34237,"i147dl","Average Download Throughput for Fixed Broadband",,"bits",193,"PER","Peru","3.0933e+007",2019,"The indicator was constructed from the information reported by the companies to OSIPTEL. The information corresponds to the average download speed, based on the quantity of lines for each speed offered to the users .","Ministerio de Transportes y Comunicaciones","The volume of data (in bits) downloaded in one second. Calculated as the total transferred data volume (in bits) divided by the total timeframe"
34237,"i147dl","Average Download Throughput for Fixed Broadband",,"bits",193,"PER","Peru","4.90734e+007",2020,"The indicator was constructed from the information reported by the companies to OSIPTEL. The information corresponds to the average download speed, based on the quantity of lines for each speed offered to the users .","Ministerio de Transportes y Comunicaciones","The volume of data (in bits) downloaded in one second. Calculated as the total transferred data volume (in bits) divided by the total timeframe"
34237,"i147dl","Average Download Throughput for Fixed Broadband",,"bits",193,"PER","Peru","6.02931e+007",2021,"The indicator was constructed from the information reported by the companies to OSIPTEL. The information corresponds to the average download speed, based on the quantity of lines for each speed offered to the users .","Ministerio de Transportes y Comunicaciones","The volume of data (in bits) downloaded in one second. Calculated as the total transferred data volume (in bits) divided by the total timeframe"
34237,"i147dl","Average Download Throughput for Fixed Broadband",,"bits",201,"RWA","Rwanda","2.09715e+007",2020,"- The definition is not clear. Important points such as test points are missing in the definition. - Does the test server located inside the country or outside? If it is inside the country, it is not clear where the test server should be located in the country. - The equation (formula) on how to calculate this indicator should be provided.","Rwanda Utilities Regulatory Authority (RURA)","The volume of data (in bits) downloaded in one second. Calculated as the total transferred data volume (in bits) divided by the total timeframe"
34237,"i147dl","Average Download Throughput for Fixed Broadband",,"bits",201,"RWA","Rwanda","3.607e+007",2021,"","Rwanda Utilities Regulatory Authority (RURA)","The volume of data (in bits) downloaded in one second. Calculated as the total transferred data volume (in bits) divided by the total timeframe"
34237,"i147dl","Average Download Throughput for Fixed Broadband",,"bits",201,"RWA","Rwanda","4.56131e+007",2022,"Due to the competition in the provision of fixed broadband internet.","Rwanda Utilities Regulatory Authority (RURA)","The volume of data (in bits) downloaded in one second. Calculated as the total transferred data volume (in bits) divided by the total timeframe"
34237,"i147dl","Average Download Throughput for Fixed Broadband",,"bits",201,"RWA","Rwanda","4.60325e+007",2023,"","Rwanda Utilities Regulatory Authority","The volume of data (in bits) downloaded in one second. Calculated as the total transferred data volume (in bits) divided by the total timeframe"
34237,"i147dl","Average Download Throughput for Fixed Broadband",,"bits",201,"RWA","Rwanda","4.62317e+007",2024,"","Rwanda Utilities Regulatory Authority","The volume of data (in bits) downloaded in one second. Calculated as the total transferred data volume (in bits) divided by the total timeframe"
34237,"i147dl","Average Download Throughput for Fixed Broadband",,"bits",202,"RUS","Russian Federation","8.808e+007",2023,"","Ministry of Digital Development, Communictions and Mass Media of the Russian Federation","The volume of data (in bits) downloaded in one second. Calculated as the total transferred data volume (in bits) divided by the total timeframe"
34237,"i147dl","Average Download Throughput for Fixed Broadband",,"bits",202,"RUS","Russian Federation","9.04e+007",2024,"https://www.speedtest.net/global-index/russia","","The volume of data (in bits) downloaded in one second. Calculated as the total transferred data volume (in bits) divided by the total timeframe"
34237,"i147dl","Average Download Throughput for Fixed Broadband",,"bits",205,"SDN","Sudan","4.8",2019,"","Telecommunication and Post Regulatory Authority (TPRA)","The volume of data (in bits) downloaded in one second. Calculated as the total transferred data volume (in bits) divided by the total timeframe"
34237,"i147dl","Average Download Throughput for Fixed Broadband",,"bits",205,"SDN","Sudan","6.8",2020,"","Telecommunication and Post Regulatory Authority (TPRA)","The volume of data (in bits) downloaded in one second. Calculated as the total transferred data volume (in bits) divided by the total timeframe"
34237,"i147dl","Average Download Throughput for Fixed Broadband",,"bits",205,"SDN","Sudan","7.8",2021,"","Telecommunication and Post Regulatory Authority (TPRA)","The volume of data (in bits) downloaded in one second. Calculated as the total transferred data volume (in bits) divided by the total timeframe"
34237,"i147dl","Average Download Throughput for Fixed Broadband",,"bits",213,"SMR","San Marino","5.4e+007",2021,"","TELECOMMUNICATION SECTOR","The volume of data (in bits) downloaded in one second. Calculated as the total transferred data volume (in bits) divided by the total timeframe"
34237,"i147dl","Average Download Throughput for Fixed Broadband",,"bits",217,"SLE","Sierra Leone","9.3e+006",2019,"","National Telecommunications Commission","The volume of data (in bits) downloaded in one second. Calculated as the total transferred data volume (in bits) divided by the total timeframe"
34237,"i147dl","Average Download Throughput for Fixed Broadband",,"bits",217,"SLE","Sierra Leone","1.046e+007",2020,"","National Telecommunications Commission","The volume of data (in bits) downloaded in one second. Calculated as the total transferred data volume (in bits) divided by the total timeframe"
34237,"i147dl","Average Download Throughput for Fixed Broadband",,"bits",217,"SLE","Sierra Leone","1.073e+007",2021,"","National Telecommunications Commission","The volume of data (in bits) downloaded in one second. Calculated as the total transferred data volume (in bits) divided by the total timeframe"
34237,"i147dl","Average Download Throughput for Fixed Broadband",,"bits",219,"CHE","Switzerland","0",2018,"not available","OFCOM","The volume of data (in bits) downloaded in one second. Calculated as the total transferred data volume (in bits) divided by the total timeframe"
34237,"i147dl","Average Download Throughput for Fixed Broadband",,"bits",219,"CHE","Switzerland","0",2019,"not available","Office Fédéral de la Communication","The volume of data (in bits) downloaded in one second. Calculated as the total transferred data volume (in bits) divided by the total timeframe"
34237,"i147dl","Average Download Throughput for Fixed Broadband",,"bits",219,"CHE","Switzerland","0",2020,"not available","Office Fédéral de la Communication","The volume of data (in bits) downloaded in one second. Calculated as the total transferred data volume (in bits) divided by the total timeframe"
34237,"i147dl","Average Download Throughput for Fixed Broadband",,"bits",220,"SUR","Suriname","7.77e+009",2024,"","","The volume of data (in bits) downloaded in one second. Calculated as the total transferred data volume (in bits) divided by the total timeframe"
34237,"i147dl","Average Download Throughput for Fixed Broadband",,"bits",223,"SWZ","Eswatini","3.333e+006",2023,"","Eswatini Communications Commission","The volume of data (in bits) downloaded in one second. Calculated as the total transferred data volume (in bits) divided by the total timeframe"
34237,"i147dl","Average Download Throughput for Fixed Broadband",,"bits",223,"SWZ","Eswatini","4e+006",2024,"","Eswatini Communications Commission","The volume of data (in bits) downloaded in one second. Calculated as the total transferred data volume (in bits) divided by the total timeframe"
34237,"i147dl","Average Download Throughput for Fixed Broadband",,"bits",224,"SYR","Syrian Arab Republic","512",2018,"512kbit/s","SY-TPRA","The volume of data (in bits) downloaded in one second. Calculated as the total transferred data volume (in bits) divided by the total timeframe"
34237,"i147dl","Average Download Throughput for Fixed Broadband",,"bits",224,"SYR","Syrian Arab Republic","1024",2019,"1024kbit/s","Syrian Telecommunication Regulatory Authority","The volume of data (in bits) downloaded in one second. Calculated as the total transferred data volume (in bits) divided by the total timeframe"
34237,"i147dl","Average Download Throughput for Fixed Broadband",,"bits",224,"SYR","Syrian Arab Republic","1024",2020,"1024kbit/s","Syrian Telecommunication Regulatory Authority","The volume of data (in bits) downloaded in one second. Calculated as the total transferred data volume (in bits) divided by the total timeframe"
34237,"i147dl","Average Download Throughput for Fixed Broadband",,"bits",224,"SYR","Syrian Arab Republic","1024",2021,"1024Kbit/s","Syrian Telecommunication and postal Regulatory Authority","The volume of data (in bits) downloaded in one second. Calculated as the total transferred data volume (in bits) divided by the total timeframe"
34237,"i147dl","Average Download Throughput for Fixed Broadband",,"bits",224,"SYR","Syrian Arab Republic","2048",2024,"","Syrian Telecommunication Regulatory Authority","The volume of data (in bits) downloaded in one second. Calculated as the total transferred data volume (in bits) divided by the total timeframe"
34237,"i147dl","Average Download Throughput for Fixed Broadband",,"bits",228,"TGO","Togo","35.08",2024,"Débit de l'opérateur qui a le plus d'abonnement (GVA Togo). Analyse des données de la QoE. de l'internet fixe","Autorité de Régulation des Communications Electroniques et des Postes (ARCEP)","The volume of data (in bits) downloaded in one second. Calculated as the total transferred data volume (in bits) divided by the total timeframe"
34237,"i147dl","Average Download Throughput for Fixed Broadband",,"bits",234,"TTO","Trinidad and Tobago","7.8e+007",2022,"","Telecommunications Authority of Trinidad and Tobago (TATT)","The volume of data (in bits) downloaded in one second. Calculated as the total transferred data volume (in bits) divided by the total timeframe"
34237,"i147dl","Average Download Throughput for Fixed Broadband",,"bits",234,"TTO","Trinidad and Tobago","9.928e+007",2023,"","Telecommunications Authority of Trinidad and Tobago (TATT)","The volume of data (in bits) downloaded in one second. Calculated as the total transferred data volume (in bits) divided by the total timeframe"
34237,"i147dl","Average Download Throughput for Fixed Broadband",,"bits",234,"TTO","Trinidad and Tobago","1.1126e+008",2024,"","Telecommunications Authority of Trinidad and Tobago (TATT)","The volume of data (in bits) downloaded in one second. Calculated as the total transferred data volume (in bits) divided by the total timeframe"
34237,"i147dl","Average Download Throughput for Fixed Broadband",,"bits",235,"TUN","Tunisia","9.59e+006",2020,"for ADSL 8 Mbps package","Instance Nationale des Télécommunications","The volume of data (in bits) downloaded in one second. Calculated as the total transferred data volume (in bits) divided by the total timeframe"
34237,"i147dl","Average Download Throughput for Fixed Broadband",,"bits",235,"TUN","Tunisia","1.011e+007",2021,"","Instance Nationale des Télécommunications","The volume of data (in bits) downloaded in one second. Calculated as the total transferred data volume (in bits) divided by the total timeframe"
34237,"i147dl","Average Download Throughput for Fixed Broadband",,"bits",235,"TUN","Tunisia","1.1887e+007",2022,"Estimation","Instance Nationale des Télécommunications","The volume of data (in bits) downloaded in one second. Calculated as the total transferred data volume (in bits) divided by the total timeframe"
34237,"i147dl","Average Download Throughput for Fixed Broadband",,"bits",235,"TUN","Tunisia","1.54e+007",2023,"Estimation","Instance Nationale des Télécommunications","The volume of data (in bits) downloaded in one second. Calculated as the total transferred data volume (in bits) divided by the total timeframe"
34237,"i147dl","Average Download Throughput for Fixed Broadband",,"bits",235,"TUN","Tunisia","1.555e+007",2024,"Estimation","Instance Nationale des Télécommunications","The volume of data (in bits) downloaded in one second. Calculated as the total transferred data volume (in bits) divided by the total timeframe"
34237,"i147dl","Average Download Throughput for Fixed Broadband",,"bits",238,"TZA","Tanzania","716.8",2020,"","Tanzania Communications Regulatory Authority (TCRA)","The volume of data (in bits) downloaded in one second. Calculated as the total transferred data volume (in bits) divided by the total timeframe"
34237,"i147dl","Average Download Throughput for Fixed Broadband",,"bits",238,"TZA","Tanzania","18.62",2022,"","Tanzania Communications Regulatory Authority (TCRA)","The volume of data (in bits) downloaded in one second. Calculated as the total transferred data volume (in bits) divided by the total timeframe"
34237,"i147dl","Average Download Throughput for Fixed Broadband",,"bits",238,"TZA","Tanzania","34.11",2023,"","Tanzania Communications Regulatory Authority (TCRA)","The volume of data (in bits) downloaded in one second. Calculated as the total transferred data volume (in bits) divided by the total timeframe"
34237,"i147dl","Average Download Throughput for Fixed Broadband",,"bits",238,"TZA","Tanzania","29.5",2024,"","Tanzania Communications Regulatory Authority (TCRA)","The volume of data (in bits) downloaded in one second. Calculated as the total transferred data volume (in bits) divided by the total timeframe"
34237,"i147dl","Average Download Throughput for Fixed Broadband",,"bits",239,"ARE","United Arab Emirates","2.9371e+008",2023,"in Bits","Telecommunications and Digital Government Regulatory Authority","The volume of data (in bits) downloaded in one second. Calculated as the total transferred data volume (in bits) divided by the total timeframe"
34237,"i147dl","Average Download Throughput for Fixed Broadband",,"bits",239,"ARE","United Arab Emirates","3.44143e+008",2024,"n Bits","Telecommunications Regulatory Authority","The volume of data (in bits) downloaded in one second. Calculated as the total transferred data volume (in bits) divided by the total timeframe"
34237,"i147dl","Average Download Throughput for Fixed Broadband",,"bits",245,"UZB","Uzbekistan","1.75e+007",2019,"","Ministry for Development of Information Technologies and Communications of the Republic of Uzbekistan","The volume of data (in bits) downloaded in one second. Calculated as the total transferred data volume (in bits) divided by the total timeframe"
34237,"i147dl","Average Download Throughput for Fixed Broadband",,"bits",245,"UZB","Uzbekistan","2.661e+007",2020,"","Ministry for Development of Information Technologies and Communications of the Republic of Uzbekistan","The volume of data (in bits) downloaded in one second. Calculated as the total transferred data volume (in bits) divided by the total timeframe"
34237,"i147dl","Average Download Throughput for Fixed Broadband",,"bits",245,"UZB","Uzbekistan","3.496e+007",2021,"","Ministry for Development of Information Technologies and Communications of the Republic of Uzbekistan","The volume of data (in bits) downloaded in one second. Calculated as the total transferred data volume (in bits) divided by the total timeframe"
34237,"i147dl","Average Download Throughput for Fixed Broadband",,"bits",245,"UZB","Uzbekistan","4.451e+007",2022,"","Ministry of Digital Technologies of the Republic of Uzbekistan","The volume of data (in bits) downloaded in one second. Calculated as the total transferred data volume (in bits) divided by the total timeframe"
34237,"i147dl","Average Download Throughput for Fixed Broadband",,"bits",245,"UZB","Uzbekistan","5.4735e+007",2023,"","Ministry of Digital Technologies of the Republic of Uzbekistan","The volume of data (in bits) downloaded in one second. Calculated as the total transferred data volume (in bits) divided by the total timeframe"
34237,"i147dl","Average Download Throughput for Fixed Broadband",,"bits",245,"UZB","Uzbekistan","7.72525e+007",2024,"","Ministry for Development of Information Technologies and Communications of the Republic of Uzbekistan","The volume of data (in bits) downloaded in one second. Calculated as the total transferred data volume (in bits) divided by the total timeframe"
34237,"i147dl","Average Download Throughput for Fixed Broadband",,"bits",247,"VEN","Venezuela","0",2021,"A los operadores no se les solicita esta información","Comisión Nacional de Telecomunicaciones","The volume of data (in bits) downloaded in one second. Calculated as the total transferred data volume (in bits) divided by the total timeframe"
34237,"i147dl","Average Download Throughput for Fixed Broadband",,"bits",247,"VEN","Venezuela","0",2022,"A los operadores no se les solicita esta información","Comisión Nacional de Telecomunicaciones","The volume of data (in bits) downloaded in one second. Calculated as the total transferred data volume (in bits) divided by the total timeframe"
34237,"i147dl","Average Download Throughput for Fixed Broadband",,"bits",247,"VEN","Venezuela","0",2023,"A los operadores no se les solicita esta información","Comisión Nacional de Telecomunicaciones","The volume of data (in bits) downloaded in one second. Calculated as the total transferred data volume (in bits) divided by the total timeframe"
34237,"i147dl","Average Download Throughput for Fixed Broadband",,"bits",250,"VNM","Viet Nam","6.38373e+007",2020,"","Ministry of Information and Communications","The volume of data (in bits) downloaded in one second. Calculated as the total transferred data volume (in bits) divided by the total timeframe"
34237,"i147dl","Average Download Throughput for Fixed Broadband",,"bits",250,"VNM","Viet Nam","7.12612e+007",2021,"","Ministry of Information and Communications","The volume of data (in bits) downloaded in one second. Calculated as the total transferred data volume (in bits) divided by the total timeframe"
34237,"i147dl","Average Download Throughput for Fixed Broadband",,"bits",250,"VNM","Viet Nam","8.79755e+007",2022,"","Ministry of Information and Communications","The volume of data (in bits) downloaded in one second. Calculated as the total transferred data volume (in bits) divided by the total timeframe"
34237,"i147dl","Average Download Throughput for Fixed Broadband",,"bits",250,"VNM","Viet Nam","1.0708e+008",2023,"","Ministry of Information and Communications","The volume of data (in bits) downloaded in one second. Calculated as the total transferred data volume (in bits) divided by the total timeframe"
34237,"i147dl","Average Download Throughput for Fixed Broadband",,"bits",250,"VNM","Viet Nam","1.6253e+008",2024,"","Ministry of Science and Technology","The volume of data (in bits) downloaded in one second. Calculated as the total transferred data volume (in bits) divided by the total timeframe"
34237,"i147dl","Average Download Throughput for Fixed Broadband",,"bits",260,"ZWE","Zimbabwe","1.897e+007",2021,"","Postal and Telecommunications Regulatory Authority","The volume of data (in bits) downloaded in one second. Calculated as the total transferred data volume (in bits) divided by the total timeframe"
34237,"i147dl","Average Download Throughput for Fixed Broadband",,"bits",260,"ZWE","Zimbabwe","1.897e+007",2022,"","Postal and Telecommunications Regulatory Authority","The volume of data (in bits) downloaded in one second. Calculated as the total transferred data volume (in bits) divided by the total timeframe"
34237,"i147dl","Average Download Throughput for Fixed Broadband",,"bits",260,"ZWE","Zimbabwe","1.897e+007",2023,"","Postal and Telecommunications Regulatory Authority","The volume of data (in bits) downloaded in one second. Calculated as the total transferred data volume (in bits) divided by the total timeframe"
34237,"i147dl","Average Download Throughput for Fixed Broadband",,"bits",260,"ZWE","Zimbabwe","1.897e+007",2024,"","Postal and Telecommunications Regulatory Authority","The volume of data (in bits) downloaded in one second. Calculated as the total transferred data volume (in bits) divided by the total timeframe"
34237,"i147dl","Average Download Throughput for Fixed Broadband",,"bits",274,"MDA","Moldova","9.111e+007",2022,"","National Regulatory Agency for Electronic Communications and Information Technology","The volume of data (in bits) downloaded in one second. Calculated as the total transferred data volume (in bits) divided by the total timeframe"
34237,"i147dl","Average Download Throughput for Fixed Broadband",,"bits",274,"MDA","Moldova","9.616e+007",2023,"","National Regulatory Agency for Electronic Communications and Information Technology","The volume of data (in bits) downloaded in one second. Calculated as the total transferred data volume (in bits) divided by the total timeframe"
34237,"i147dl","Average Download Throughput for Fixed Broadband",,"bits",274,"MDA","Moldova","1.569e+008",2024,"","National Regulatory Agency for Electronic Communications and Information Technology","The volume of data (in bits) downloaded in one second. Calculated as the total transferred data volume (in bits) divided by the total timeframe"
34237,"i147dl","Average Download Throughput for Fixed Broadband",,"bits",276,"GEO","Georgia","27",2018,"","Georgian National Communications Commission","The volume of data (in bits) downloaded in one second. Calculated as the total transferred data volume (in bits) divided by the total timeframe"
34237,"i147dl","Average Download Throughput for Fixed Broadband",,"bits",276,"GEO","Georgia","31",2019,"","Communications Comission","The volume of data (in bits) downloaded in one second. Calculated as the total transferred data volume (in bits) divided by the total timeframe"
34237,"i147dl","Average Download Throughput for Fixed Broadband",,"bits",276,"GEO","Georgia","37",2020,"","Communications Comission","The volume of data (in bits) downloaded in one second. Calculated as the total transferred data volume (in bits) divided by the total timeframe"
34237,"i147dl","Average Download Throughput for Fixed Broadband",,"bits",277,"KAZ","Kazakhstan","1.6e+007",2022,"","Ministry of digital development, defense and aerospace industry of the Republic of Kazakhstan","The volume of data (in bits) downloaded in one second. Calculated as the total transferred data volume (in bits) divided by the total timeframe"
34237,"i147dl","Average Download Throughput for Fixed Broadband",,"bits",277,"KAZ","Kazakhstan","5.366e+007",2023,"","Ministry of digital development, defense and aerospace industry of the Republic of Kazakhstan","The volume of data (in bits) downloaded in one second. Calculated as the total transferred data volume (in bits) divided by the total timeframe"
34237,"i147dl","Average Download Throughput for Fixed Broadband",,"bits",277,"KAZ","Kazakhstan","1.2e+008",2024,"according to the final data of the Office for National Statistics for 2024","Ministry of digital development, defense and aerospace industry of the Republic of Kazakhstan","The volume of data (in bits) downloaded in one second. Calculated as the total transferred data volume (in bits) divided by the total timeframe"
34237,"i147dl","Average Download Throughput for Fixed Broadband",,"bits",280,"KGZ","Kyrgyzstan","0",2021,"operators did not keep statistics on such data.","Service for the Regulation and Supervision of the Communications Sector under the Ministry of Digital Development of the Kyrgyz Republic","The volume of data (in bits) downloaded in one second. Calculated as the total transferred data volume (in bits) divided by the total timeframe"
34237,"i147dl","Average Download Throughput for Fixed Broadband",,"bits",280,"KGZ","Kyrgyzstan","4.765e+007",2022,"","Service for the Regulation and Supervision of the Communications Sector under the Ministry of Digital Development of the Kyrgyz Republic","The volume of data (in bits) downloaded in one second. Calculated as the total transferred data volume (in bits) divided by the total timeframe"
34237,"i147dl","Average Download Throughput for Fixed Broadband",,"bits",280,"KGZ","Kyrgyzstan","1.39724e+009",2023,"A request was made to telecom operators, and data was provided based on what was received.","Service for the Regulation and Supervision of the Communications Sector under the Ministry of Digital Development of the Kyrgyz Republic","The volume of data (in bits) downloaded in one second. Calculated as the total transferred data volume (in bits) divided by the total timeframe"
34237,"i147dl","Average Download Throughput for Fixed Broadband",,"bits",280,"KGZ","Kyrgyzstan","1.5694e+009",2024,"Сделан запрос операторам связи, согласно полученным данным предоставлены данные","Service for the Regulation and Supervision of the Communications Sector under the Ministry of Digital Development of the Kyrgyz Republic","The volume of data (in bits) downloaded in one second. Calculated as the total transferred data volume (in bits) divided by the total timeframe"
34237,"i147dl","Average Download Throughput for Fixed Broadband",,"bits",283,"MKD","North Macedonia","1e+006",2018,"","Agency for Electronic Communication","The volume of data (in bits) downloaded in one second. Calculated as the total transferred data volume (in bits) divided by the total timeframe"
34237,"i147dl","Average Download Throughput for Fixed Broadband",,"bits",283,"MKD","North Macedonia","1e+007",2019,"","Agency for Electronic Communications","The volume of data (in bits) downloaded in one second. Calculated as the total transferred data volume (in bits) divided by the total timeframe"
34237,"i147dl","Average Download Throughput for Fixed Broadband",,"bits",283,"MKD","North Macedonia","3e+007",2020,"","Agency for Electronic Communications","The volume of data (in bits) downloaded in one second. Calculated as the total transferred data volume (in bits) divided by the total timeframe"
34237,"i147dl","Average Download Throughput for Fixed Broadband",,"bits",283,"MKD","North Macedonia","6e+007",2021,"","Agency for Electronic Communications","The volume of data (in bits) downloaded in one second. Calculated as the total transferred data volume (in bits) divided by the total timeframe"
34237,"i147dl","Average Download Throughput for Fixed Broadband",,"bits",283,"MKD","North Macedonia","1e+008",2022,"","Agency for Electronic Communications","The volume of data (in bits) downloaded in one second. Calculated as the total transferred data volume (in bits) divided by the total timeframe"
34237,"i147dl","Average Download Throughput for Fixed Broadband",,"bits",298,"TWN","Taiwan, Province of China","9.25767e+008",2020,"The data of the operator with the largest market share (measured by the number of subscriptions) are used.","National Communications Commission","The volume of data (in bits) downloaded in one second. Calculated as the total transferred data volume (in bits) divided by the total timeframe"
34237,"i147dl","Average Download Throughput for Fixed Broadband",,"bits",298,"TWN","Taiwan, Province of China","1.58897e+009",2021,"The data of the operator with the largest market share (measured by the number of subscriptions) are used.","National Communications Commission","The volume of data (in bits) downloaded in one second. Calculated as the total transferred data volume (in bits) divided by the total timeframe"
34237,"i147dl","Average Download Throughput for Fixed Broadband",,"bits",298,"TWN","Taiwan, Province of China","2.4922e+008",2022,"The data of the operator with the largest market share (measured by the number of subscriptions) are used.","National Communications Commission","The volume of data (in bits) downloaded in one second. Calculated as the total transferred data volume (in bits) divided by the total timeframe"
34237,"i147dl","Average Download Throughput for Fixed Broadband",,"bits",298,"TWN","Taiwan, Province of China","2.5619e+008",2023,"","National Communications Commission","The volume of data (in bits) downloaded in one second. Calculated as the total transferred data volume (in bits) divided by the total timeframe"
34237,"i147dl","Average Download Throughput for Fixed Broadband",,"bits",298,"TWN","Taiwan, Province of China","2.57115e+008",2024,"","National Communications Commission","The volume of data (in bits) downloaded in one second. Calculated as the total transferred data volume (in bits) divided by the total timeframe"
34237,"i147dl","Average Download Throughput for Fixed Broadband",,"bits",308,"PSE","State of Palestine","30.3542",2020,"","Ministry of Telecommunication and IT","The volume of data (in bits) downloaded in one second. Calculated as the total transferred data volume (in bits) divided by the total timeframe"
34237,"i147dl","Average Download Throughput for Fixed Broadband",,"bits",308,"PSE","State of Palestine","4.65747e+007",2021,"","Ministry of Telecommunication and IT","The volume of data (in bits) downloaded in one second. Calculated as the total transferred data volume (in bits) divided by the total timeframe"
34237,"i147dl","Average Download Throughput for Fixed Broadband",,"bits",308,"PSE","State of Palestine","5.82184e+007",2022,"","","The volume of data (in bits) downloaded in one second. Calculated as the total transferred data volume (in bits) divided by the total timeframe"
34237,"i147dl","Average Download Throughput for Fixed Broadband",,"bits",308,"PSE","State of Palestine","7.13083e+014",2023,"","Ministry of Telecommunications and Digital Economy","The volume of data (in bits) downloaded in one second. Calculated as the total transferred data volume (in bits) divided by the total timeframe"
34237,"i147dl","Average Download Throughput for Fixed Broadband",,"bits",316,"MNE","Montenegro","3.434e+007",2020,"Data are used from the MLab platform which is located in Montenegro.","Agency for Electronic Communications and Postal Services","The volume of data (in bits) downloaded in one second. Calculated as the total transferred data volume (in bits) divided by the total timeframe"
34237,"i147dl","Average Download Throughput for Fixed Broadband",,"bits",316,"MNE","Montenegro","3.929e+007",2021,"Data are used from the NetTest platform which is located in Montenegro.","Agency for Electronic Communications and Postal Services","The volume of data (in bits) downloaded in one second. Calculated as the total transferred data volume (in bits) divided by the total timeframe"
34237,"i147dl","Average Download Throughput for Fixed Broadband",,"bits",316,"MNE","Montenegro","5.157e+007",2022,"Data are used from the NetTest platform which is located in Montenegro. Data for 2020 and 2021 are in Kbits.","Agency for Electronic Communications and Postal Services","The volume of data (in bits) downloaded in one second. Calculated as the total transferred data volume (in bits) divided by the total timeframe"
34237,"i147dl","Average Download Throughput for Fixed Broadband",,"bits",316,"MNE","Montenegro","7.42e+007",2023,"Data are used from the NetTest platform which is located in Montenegro.","Agency for Electronic Communications and Postal Services","The volume of data (in bits) downloaded in one second. Calculated as the total transferred data volume (in bits) divided by the total timeframe"
34237,"i147dl","Average Download Throughput for Fixed Broadband",,"bits",316,"MNE","Montenegro","1.142e+008",2024,"Data are used from the NetTest platform which is located in Montenegro.","Agency for Electronic Communications and Postal Services","The volume of data (in bits) downloaded in one second. Calculated as the total transferred data volume (in bits) divided by the total timeframe"
34237,"i147dl","Average Download Throughput for Fixed Broadband",,"bits",321,"SSD","South Sudan","13",2021,"","National Communication Authority, NCA.","The volume of data (in bits) downloaded in one second. Calculated as the total transferred data volume (in bits) divided by the total timeframe"
34237,"i147dl","Average Download Throughput for Fixed Broadband",,"bits",321,"SSD","South Sudan","13",2022,"","National Communication Authority, NCA.","The volume of data (in bits) downloaded in one second. Calculated as the total transferred data volume (in bits) divided by the total timeframe"
34237,"i147dl","Average Download Throughput for Fixed Broadband",,"bits",321,"SSD","South Sudan","13",2023,"","National Communication Authority, NCA.","The volume of data (in bits) downloaded in one second. Calculated as the total transferred data volume (in bits) divided by the total timeframe"
34237,"i147dl","Average Download Throughput for Fixed Broadband",,"bits",330,"CUW","Curacao","42.82",2021,"","Bureau Telecommunicatie & Post Curacao","The volume of data (in bits) downloaded in one second. Calculated as the total transferred data volume (in bits) divided by the total timeframe"
34237,"i147dl","Average Download Throughput for Fixed Broadband",,"bits",330,"CUW","Curacao","55.07",2022,"","Regulatory Authority of Curaçao","The volume of data (in bits) downloaded in one second. Calculated as the total transferred data volume (in bits) divided by the total timeframe"
34237,"i147dl","Average Download Throughput for Fixed Broadband",,"bits",330,"CUW","Curacao","68.1",2023,"","Regulatory Authority of Curaçao","The volume of data (in bits) downloaded in one second. Calculated as the total transferred data volume (in bits) divided by the total timeframe"